series_id,series_name,hit,imdb
256434,اشرف رویا,0,6.7
264400,هتل تسخیر شده,0,7.7
264532,قصه های ترسناک هالووینی,0,None
264622,واقعیه یا کیکه؟! ویژه هالووین,0,6.4
264736,جاده‌ پایین گورستان,0,7.2
248804,افسانه بانو اوک,82,8
264477,تسخیر واقعی,0,6.1
259592,انتخاب غیر طبیعی,78,7.8
257502,آن:‌ به دری خوش آمدید,88,8
264578,تالاماسکا: فرقه مخفی,81,6.4
260416,غسال,75,8.1
260492,مرد خوب,86,7
264245,شیطان در لباس مبدل: جان وین گیسی,70,7.3
264256,آقای اسکورسیزی,78,8.6
260301,گناه نخستین تاکوپی,85,8.8
262445,من با قانون در افتادم,0,7.6
264192,مردا: مرگ در خانواده,0,7.1
261480,مکاماتو,80,7
249708,کارل مجموعه دار,0,8.6
253216,مورو! گلزن برتر,0,7.8
263322,چد پاورز,0,7.4
264043,میزان,0,None
263741,آخرین سنگر,91,7.2
250931,دایناسورهای رنگی رنگی,0,7.6
260585,فیلم ما,80,8.9
262978,تد باندی: گفتگو با شیطان,0,6.7
260108,زندگی پست,0,6.7
257993,کتابداران: فصل بعدی,0,6.2
258584,عمر دوباره,65,6.8
257111,مدرسه قهرمانانه من: خودسرها,85,7.5
263508,هیولا: داستان اد گین,83,7.8
260830,قتل های ماست فروشی,0,6.2
255470,لازاروس,89,7
259221,وحشی ها,0,7.3
257380,بیمه طلاق,92,6.8
263136,دانش آموزها به پیش,71,6.5
255339,شوالیه در محوطه,0,6.8
262819,دستگیری قاتلشان: دختران روی پل مرتفع,0,6.5
263457,ازازیل (ویژه ناشنوایان),0,None
248583,برد یا باخت,91,8
256707,شرلوک و دخترش,95,6.5
263442,غربت (ویژه ناشنوایان),0,None
259581,شبی در آیداهو: قتل های کالج,0,7.1
261850,در پرواز,0,6.4
257889,نه پازل,86,7.7
262919,پشت پرده,0,7.7
258585,شمارش معکوس,0,6.9
262950,خاندان گینس,87,7.4
262643,هفت خرس,82,5.4
262990,زامبی های مارول,84,7.1
262960,تابستانی که هیکارو مرد,86,8.1
257573,باکوگان,84,6.3
258748,راهنمای رزیدنتی,92,8.1
259557,بله آقای نخست وزیر,0,8.6
259141,اسرار بیماری ذهنی,0,7.7
260633,کاستی ها,0,7.4
262656,خرگوش سیاه,80,7.8
260364,مکالمه با یک قاتل: نوارهای پسر سم,0,6.7
262671,پناهگاه میلیاردرها,91,5.1
258945,خراج ها,0,6.9
262256,مهارت آباد,71,7
258482,دود,0,6.7
255827,ویدای دامپزشک,82,6.7
256301,مسافر ابدیت,86,7.8
258908,قصه های جزیره,98,8.5
261786,گروگان,0,6.5
260010,محافظان واکاندا,78,6.3
260099,ملودی و کرومی من,86,8.5
259259,سرطان: امپراتور همه بیماری ها,0,8.4
259395,بازگشت شرلوک هولمز,90,8.7
259817,کاتالوگ,0,7.7
262334,وظیفه,87,8
259074,موسیقی متن فیلم مربی اژدها,0,8.1
262204,خودرو بانک,87,None
262143,روزنامه,0,6.9
255389,فیلم ملودرام,84,7.3
259213,رازهای خویشاوندی,0,7
258664,شکارچی با تیغ جراحی,88,8.5
259157,پوآرو,93,8.6
260685,طوفان کاترینا: مبارزه علیه زمان,0,7.9
259804,با مرد آهنی و دوستان بی نظیرش آشنا شوید,61,6.8
259198,موسیقی متن سریال روز شغال,0,8.1
120093,هجوم,91,6.2
256156,بدون سود بدون عشق,91,7.5
258427,اوه موکلان روحی من,93,7.3
259919,افعی سیاه ۳,84,8.6
259877,کابل,83,7.3
260001,حیاتی: بین زندگی و مرگ,0,8.2
259465,موسیقی متن فیلم بالرینا,0,7.1
261058,با طعم و سلیقه تو,92,7.9
259486,تا ابد در بهشت,83,7.3
259461,موسیقی متن فیلم صاعقه ها,0,7.3
260051,ایمی بردلی گم شده است,0,6.7
258994,موسیقی متن فیلم نگهبانان قدیمی ۲,0,5.1
258520,کوکائین در آسمان: قاچاقچی ها در ارتفاع ۳۰۰۰۰ فوتی,0,6.5
260570,نوار کاست,0,7.6
260605,پروانه,91,6.8
257019,قصر تسخیر شده,93,7.8
259622,بیگانه: زمین,82,7.6
256566,پادشاه گرگ ها,84,6.6
258605,اودیسه,81,7
260299,غریبه: هم خون من,93,8.3
260390,راه و روش آقای بوک,86,7
255180,آینده زمین,0,7.5
258768,دره مرگ,0,6.9
259509,راه رفتن با دایناسورها,0,5.9
253458,زندان آز,0,8.7
256592,جادوگر,80,7.1
258471,اسکله,0,7
258684,غذاخوری هو,92,6.5
259932,آدمکش,88,6.3
259971,ماشه,87,7.2
258158,سارا: زنی در سایه ها,0,6.2
259840,ماجراهای مورچه فافا,77,None
258174,حرکات قدرتی با شکیل اونیل,0,6.8
258187,جنگ ستارگان: روایت هایی از دنیای زیرین,0,7.1
250902,وقتی ستاره ها نجوا می کنند,77,6.5
253074,روزهای گردش سگ ها,68,6
258650,متصدی کفن و دفن,0,7.1
259453,بی وقفه,90,7.2
258341,پرونده قدیمی: قتل های تایلنول,0,6.5
251155,ساحل کانگورو,61,7.3
258997,آزمایشگاه,81,6.8
259667,واشینگتن سیاهپوست ها,0,6.2
259517,شب زنده داری گربه های زنده,81,6.5
253330,سووشون,93,None
253862,گلدی,72,8
258612,جعبه تخیل,61,7.9
256033,دایره المعارف استانبول,77,6.9
258847,بالارد,89,7.6
258048,دکستر: رستاخیز,92,9.2
257948,یونیکورن دیوانه,82,8.5
256364,ربات‌ های جنگجوی گاندام: جی کوااااااکس,88,7
258066,بمب‌ گذاری هواپیمای پان آم ۱۰۳,0,7.4
257584,زیر دریایی,79,8.8
257170,راه طولانی خانه,0,8.1
257760,خواهر بهتر,74,7
257137,مظنون: تیراندازی به ژان چارلز دومنزس ,0,7.7
256941,من، جک رایت,0,7.1
258133,پیمان سکوت,0,7
257131,اختاپوس,0,7.3
256468,کبوتر تنها,0,8.7
256643,ال تورکو,76,5.8
257774,دپارتمان کیو,93,8.2
258499,مسافرخانه جهنمی,79,5.5
257716,یک داستان مخوف بریتانیایی: فرد و رز وست,82,6.6
257682,تعقیب آمریکایی: اسامه بن لادن,82,7.7
258141,کوسه: طوفان,86,7.2
256930,افعی سیاه ۲,70,8.6
258045,عشق ماشین ها,79,7.6
258100,ارنهارت,0,8.8
258195,یکه تاز: قهرمانان دبیرستان,90,8
256089,افعی سیاه,86,8
255233,شغل جدید بلیپی,69,5.7
254223,توئین پیکس,83,8.7
258365,بازماندگان,82,6.6
256695,ابر مکعب,91,7.1
255969,پناهگاه امن,0,6.4
256783,میز سرآشپز: سرآشپزهای افسانه ای,91,7.4
255715,دختر ربوده شده,80,6.4
255118,دشمن عزیز من,90,8
256394,دیوید بلین: امتحانش نکن,85,7.8
257273,پری های دریایی تک شاخ,80,8.2
258107,چوب گلف,86,7.1
253343,قاره آمریکا,96,8.3
255069,شیطان هم می گرید,95,7.6
256055,طلوع ماه,80,6.7
255304,قلب های مدفون,91,7.6
256001,سرقت الماس,0,7
257047,ربات قاتل,86,7.4
256974,داستر,78,7.3
254923,نبض,82,6.4
254616,وقتی زندگی بهت نارنگی میده,96,9.1
256193,آستریکس و اوبلیکس: مبارزه بزرگ,95,8
256016,گنبد شیشه ای,80,6.7
254704,وقتی هیچ کس ما را نمی بیند,0,6.1
255120,باغبان,82,6.1
251191,شکوفه شانگهای,0,8.1
257246,سرزمین شنی,87,7.6
253200,شجاع ترین شوالیه,56,6.1
255256,کوتلاس,86,8.8
255013,کارما,88,7.5
254908,این شهر مال ماست,84,8
254696,حیوانات، کاملا شبیه ما هستند,86,7.3
251378,روزگار ساکاموتو,94,7.4
257156,رابل و دوستان,84,4.6
254850,آجر خرسی,64,7.6
254993,وثیقه دار,64,7
256050,اسرار پنگوئن ها,0,7.6
252031,گروه شکار,89,6.6
252458,خل و چل های عشق هیولا,92,7.7
256317,دورا جستجوگر,74,4.4
255254,چهره خندان,82,6.5
251112,چاله,94,8.9
253851,کاموی طلایی: شکار زندانیان در هوکایدو,0,6.9
254612,خانواده خوب آمریکایی,89,6.5
254167,رویاپردازان,0,7.8
252660,سلول ۲۱۱,71,6
220547,ژن وی,88,7.7
256235,آینه سیاه,82,8.7
251434,سن پیر,0,6.9
253507,عوارض جانبی شایع,80,8.6
254197,زوکی از سیاره روبی,82,8
253697,آنتونی پوروسکی: هیچی مزه خونه رو نمیده,82,7.5
246136,خانواده انتخابی,97,8.2
253787,ویردی,65,6.5
255698,ملکه تاج گذار,86,7.8
255655,ماجراجویی های دیلن در وقت بازی,67,8.1
28471,ماجراجویی در پاریس,90,7.5
104493,جادو رو اضافه کن: شهر اسرارآمیز,93,7.3
197619,پونی کوچولوی من: خودی نشان بده,91,6.0
86441,ریک و مورتی,94,9
16944,آبشار جاذبه,95,8.9
255517,قتل های اوره,90,6.7
255218,چاقوی بی قرار,79,7.5
251859,سقوط کرده,73,6.6
250137,موسیقی متن فیلم افسونگر شرور: سردسته اهریمنان,0,6.6
252190,سیاره عجیب,0,None
253304,پلیس خوب پلیس بد,76,6.8
255374,مسیری باریک به ژرفای شمال,67,7.2
250013,موسیقی متن سریال بازی مرکب,75,8
239355,آریل,73,4
255325,کاساندرا,75,6.7
248765,چراغ فروشی,92,7.8
251682,هدف اصلی,0,6.5
254971,دوستان و همسایه‌ های شما,92,7.7
254288,از ناباوری تا ایمان: لیورپول دوران کلوپ,88,8.6
254765,اقامتگاه,89,7.8
254779,سالیوان دریانورد,72,None
254824,توله های پشمالو,0,4.6
254746,زندگی پنهان حیوانات,90,8.4
254264,رئال مادرید: چگونه عاشقت نباشم,93,8.1
250134,موسیقی متن فیلم افسونگر شرور,0,6.9
250100,موسیقی متن فیلم چلنجرز,0,7
251100,قلب های سیاه,92,7.7
236981,والدین نسبتا عجیب: آرزوی تازه ,78,6.9
252794,دایناسورهای پر سر و صدا,72,7.6
251077,دختر جنگجوی شکست ناپذیر,84,7.4
243511,پسر پر دردسر,83,7.3
245139,دراگون بال شرور,92,7.9
250307,بابا لنگ دراز,92,8.1
243863,در همسایگی عشق,95,7.7
254482,سرزمین اوباش,96,8.1
238248,پرندگان خشمگین: جزیره رازآلود,83,8
251579,مرد عنکبوتی: دوست خوب محله,90,7.4
254143,گروه مطالعه,95,8.3
253407,کنج کنج کنجکاوی,80,6.3
247855,استودیو,82,7
248029,آقای پلانکتون,91,8.2
252379,خانم آستین,92,7.4
247363,آنچه بعد از عشق می آید,84,7.9
248822,پنج بچه و شنی,0,6.9
250310,مرد عنکبوتی نهایی,89,7.2
251814,کد تروما: قهرمانان در آماده‌ باش,96,8.4
254356,نه جسد در سردخانه مکزیکی,86,6.4
254348,نوجوانی,80,8.1
242099,جومونگ,81,8.1
243991,قاضی جهنمی,95,7.8
253956,دزد مواد,77,7.6
253758,الکلاسیکو,90,None
253945,رودخانه بلند درخشان,82,7
254083,شهر کوچک، داستان بزرگ,0,6.1
253967,اهریمن در خانواده: سقوط روبی فرانک,80,7.4
252104,بلیط یک‌‌ طرفه,82,None
251250,شمالی ترین نقطه,82,8
250828,زندگی,92,9.1
250708,بی باک: تولد دوباره,85,8.3
253616,برژراک,73,6.2
242173,مرده و دفن شده,65,5.9
253442,شهر مسموم,0,7.7
252529,نجات یافتن از سقوط شاهین سیاه,80,7.5
249534,منظومه شمسی,90,8.9
235966,خانه واقعا پر سر و صدا,92,5.4
253031,کت و شلواری ها: لس آنجلس,86,5.7
207353,لگو دریمز,85,8.4
249583,اقامت در هانیانگ,90,7.7
252836,هزار ضربه,85,8.1
252886, آنجا,0,7
252870,نقشه خانوادگی,87,8.1
249689,روز صفر,93,7
250728,کارنیوال,0,8.4
251522,زیردریایی روی صخره ها,0,7
252485,نیوتوپیا,88,7
251479,رنگارنگ,68,None
251594,هوای تازه,80,None
251608,استیج,86,None
250463,دیو و ماه پیشونی ۲,94,None
251675,سگ‌ های نگهبان (نسخه زبان اصلی),70,6.1
250966,دیو و ماه پیشونی ۱,95,None
251270,موسولینی: فرزند قرن,88,8.3
251397,خرگوش چشم سیاه,90,None
242259,شریک خوب,86,7.6
250888,پیشنس,96,7.7
249881,موسیقی متن فیلم سپر بلا,0,6.8
250035,موسیقی متن فیلم درون و بیرون,0,None
251325,رینگو,76,None
251200,بهشت,85,8
12469,پیکی بلایندرها,96,8.8
251221,واتسون,74,5.2
247376,دنیای بارنی ,67,6.1
250687,ریچارد رامیرز: نوارهای شبگرد,89,6.7
250951,عاشقان گمنام,62,7
251065,کشف عشق,92,8.1
239596,خانم شب و روز,95,7.6
250848,کشف بزرگ,84,7.1
240238,ابر دایناسور,80,8.6
250184,موسیقی متن فیلم ددپول و ولورین,78,7.6
249743,موسیقی متن فیلم بتمن,0,7.8
250696,نیمه شب با امیرحسین قیاسی,92,None
248563,کماندوهای هیولایی,88,7.8
249910,موسیقی متن فیلم درون و بیرون ۲,0,None
249922,ازازیل,79,None
245536,فصل شکار: ندای طبیعت,82,7.9
249829,موسیقی متن فیلم جاودانگان,0,6.3
250445,تظاهر,94,7.1
250508,تعویض دنده,0,6.1
250489,گوش به زنگ,88,7.7
247498,نشانی از محبت,94,7.8
249239,تالار گرگ,0,6.4
250140,موسیقی متن فیلم کنت مونت کریستو,0,7.6
243933,تولیدات رویایی,93,7.6
250119,موزارت: ظهور یک نابغه,93,7.1
250148,نخستین آمریکایی,93,8.2
249739,موسیقی متن سریال نل یاغی,0,7.4
241460,ریک و مورتی: انیمه,50,2.9
242000,کتاب خوانی بلویی,73,7.8
249802,لاکربی: جستجوی حقیقت,93,8.1
247040,مکس و نیمچه شوالیه ها,84,7.9
249680,نامرئی,79,7
249502,کنت مونت کریستو,92,7.8
243767,گربه های بزرگ ۲۴/۷,90,8.2
246059,موسیقی متن سریال قتل مری فاگان,0,7.4
249326,پرونده حل نشده: چه کسی جون بنت رمزی را کشت؟,82,6.9
248952,سونامی: مبارزه با زمان,83,8.3
249420,آسیا,86,8.6
249462,بازی های مستر بیست,94,5.6
236656,دنیای ژوراسیک: نظریه آشوب,93,7.5
249084,سرقت شیرین,68,7.2
242057,مرحله مخفی,89,7.5
238612,ملکه اشک ها,95,8.2
249069,واقعیه یا کیکه؟! ویژه کریسمس,75,7
249097,جهان شگفت انگیز,83,None
243824,پتانسیل بالا,95,7.6
142128,اسب های آرام,89,8.3
249095,اردوگاه لازلو,82,6.4
248650,برنامه ایلان ماسک,80,6.3
249050,۱۹۹۲,76,5.6
248983,تو گریه نکن استانبول,77,7.7
246879,زودیاک صحبت می کند,87,7.2
164577,شاهزاده‌ تنیس ۲: جام جهانی زیر ۱۷ سال,96,7.1
248833,صد سال تنهایی,87,8.4
248490,دکستر: گناه اصلی,92,8.4
247277,کراس,89,7.2
248743,قتل های میسلتو,85,7.8
248611,صندوق,87,7.1
248576,فاخته های سیاه,91,7.2
248508,شکنجه,82,7.4
242762,سیندرلا در ۲ بامداد,87,6.9
248441,شکل دادن به منسون,0,5.8
248551,زمین پایدار,86,6
246896,جعبه آبی,92,7.8
242109,زامبی ها,84,8.1
248466,سنا,97,8.5
248315,لیگ برتر عربستان: شروع بازی,85,7.2
248335,اقیانوس های ما,90,7.5
246565,پاسخ ۱۹۹۷,84,7.9
245274,آقای مک ماهون,86,7.7
240961,جنگ ستارگان: خدمه اسکلت,85,7.4
248376,مرد نفوذی,79,7.8
248258,محله داخلی چینی ها,0,7.1
248224,جنون,80,6.5
245649,سازمان,92,7.3
237844,کمپ اسنوپی,92,7.8
246342,موسیقی متن فیلم جک ریچر: هرگز برنگرد,0,6.2
247243,به خانه نیا ,86,7.4
247891,مسابقه مجدد,91,7.3
246345,موسیقی متن فیلم استوارت کوچولو,0,6
247918,حرفی نزن,74,8.4
246778,آموزش بازیگری با ساموئل ال جکسون,88,None
245015,رانما ۱/۲,87,8
246348,موسیقی متن سریال اوبی وان کنوبی,0,7
246351,موسیقی متن بازی فضای مرده ۳,0,7.5
247142,آموزش عادت های کوچک با تاثیرات بزرگ بر زندگی شما با جیمز کلیر,94,None
195359,روان درمانی,92,8
245188,منطقه پرخطر,74,7.3
247903,قتل آگاهانه,85,7.5
247577,آموزش اندیشیدن مثل یک رئیس و زیستن مثل یک اسطوره با مارتا استوارت,90,None
246081,ناتیلوس,89,6.4
245459,مثل یک اژدها: یاکوزا,70,5.6
246275,شک,89,8.9
247107,مثل آب برای شکلات,86,7.7
246318,مرز خواب,66,7.6
247582,پنج یار شروع کننده,86,7.2
246157,موسیقی متن فیلم دورافتاده,0,7.8
246713,لودویگ,89,8.2
247316,شمارش معکوس: پاول علیه تایسون,0,6.3
245591,گاندام: مرثیه ای برای انتقام,84,6.6
247934,مارتین اسکورسیزی تقدیم می کند: قدیسان,87,8
247830,قفس,78,6.5
246867,جادوگران: حقیقت پشت پرده دادگاه ها,0,6.8
225694,جوخه انتحار: دنیای دیگر,86,6.3
244364,دلبند,81,7.2
247648,بیگ بلو,89,8.8
247486,تا وقتی بکشمت,81,7.4
246933,موسیقی متن فیلم بازگشت به آینده ۳,0,7.4
245060,سیتادل: دایانا,58,5.8
246542,داستان هایی از خلأ,64,5.2
246197,موسیقی متن فیلم مردان ایکس: روزهای گذشته آینده,0,None
247616,هری پاتر: جادوگران شیرینی‌ پزی,87,7.5
236584,تل ماسه: پیشگویی,89,7.3
244511,توم ریدر: افسانه لارا کرافت,88,5.4
244465,فنجان چای,79,6.4
242136,زمین خوار,84,8.2
245438,پیشین,0,6.4
244960,روز شغال,97,8.1
246487,موسیقی متن فیلم پسر جهنمی,0,6.9
228361,دنیای بزرگ ولی کوچک جسیکا,88,7.5
246521,موسیقی متن فیلم جنگ فردا,0,6.6
246493,موسیقی متن فیلم سرزمین فردا,0,6.4
243043,ملکه وو,86,7.2
245180,ابر ماشین های غول پیکر,84,8
231436,کله کدو حکمرانی می‌ کند!,84,2
246818,موسیقی متن فیلم هوانورد,0,7.5
246195,موسیقی متن فیلم لورنس عربستان,0,None
246339,موسیقی متن فیلم روزگار آدلین,0,7.2
246644,موسیقی متن فیلم درود بر سزار!,0,6.3
246524,موسیقی متن فیلم بازگشت به آینده,0,8.5
242800,گرگ و میش خدایان,90,7.3
246427,آموزش مستندسازی با کن برنز,0,None
245267,ترانه های ساده,0,None
244478,کتاب اشباح فرانکلدا,85,8.5
245272,موسیقی متن فیلم کتاب هنری,0,None
245223,موسیقی متن بازی شیطان هم می ‌گرید ۵,0,8.5
245298,کیبومرها,57,None
245336,موسیقی متن فیلم سریع و خشمگین ۷,0,7.1
245477,کیدزبری,67,None
245415,موسیقی متن فیلم غارتگر,0,7.8
245383,موسیقی متن سریال هفت‌ جهان، یک سیاره,0,9.4
245210,موسیقی متن بازی تایتان‌ فال ۲,0,8.5
245303,موسیقی متن فیلم زوتوپیا,0,8
244688,لگو جنگ ستارگان: بازسازی کهکشان,78,7.3
244572,موسیقی متن فیلم بازگشت مومیایی,0,None
242149,از نفس افتاده,0,6.4
243586,نبردهای کلاس آشپزی,94,8.7
244774,موسیقی متن بازی بارش هسته ای ۴,0,None
234194,دکتر اسلامپ,92,7.5
244712,موسیقی متن فیلم مخمصه,0,8.3
226357,آکادمی اسب های تک شاخ,91,6.5
244694,موسیقی متن فیلم انتقام‌ جویان,0,8
243908,پیش بینی آینده با بیل گیتس,76,5.8
244635,موسیقی متن فیلم دشمن,0,None
244680,موسیقی متن بازی فار کرای ۴,0,8
244521,موسیقی متن فیلم قطار سریع السیر قطبی,0,6.6
240552, بتمن: شوالیه شنل دار,84,7.3
240740,آغوش سرندیپیتی,91,8.3
208114,کد گیاس: لولوش شورشی,92,8.7
244413,داستان های بادانامو,83,6.1
244260,قصه شب,77,None
244314,هیدرو و فلوید,78,7
244058,مجموعه فیلم,0,6.4
243610,صحنه جرم: علفزارهای قتل تگزاس,77,6.6
243806,پنه لوپه,0,6.2
242387,لگو پیکسار,85,6.2
242725,چگونه تنها بمیریم,0,6.7
243123,خانواده عالی,83,7.7
243886,اوزوماکی,83,8.7
243784,قتل در یک شهر کوچک,88,6.8
243742,چیپ چیلا,83,3.8
243251,عجایب,79,6.7
242278,موسیقی متن فیلم دزدان دریایی کاراییب: نفرین مروارید سیاه,0,8.1
243114,جزیره میلیاردرها,58,6.3
242240,شش برادر اسکیزوفرنیک,92,7.1
243376,موسیقی متن بازی میراث هاگوارتز,0,None
242552,موسیقی متن فیلم گربه چکمه پوش: آخرین آرزو,0,7.8
243212,خرابکارهای سئول,87,7.7
243477,موسیقی متن فیلم فیلم لگویی,0,7.7
243076,متلاک,84,7.6
240886,زمین خشمگین,0,7.7
242868,وایات ارپ و نبرد کابویی,77,7.8
238659,بازگشت یک گانگستر به دبیرستان,96,7.8
243254,بهتر و بهترتر,91,6.9
243305,جزیره شهر,0,4.6
243307,سرزمین یو گابا گابا!,76,8.5
242795,هیولاها: داستان لایل و اریک منندز,88,7.9
242909,درون آتش: دختر گمشده,92,7.7
242890,یک رسوایی بسیار سلطنتی,79,7.6
242223,پایان تابستان,78,7.4
240983,آگاتا تمام مدت,86,6.7
243120,مهد کودک,71,6.9
242927,موسیقی متن فیلم مهلکه,0,7.6
239822,همزاد ,90,6.9
242411,موسیقی متن بازی الدن رینگ,0,9
233296,پنگوئن,93,8.7
242947,موسیقی متن فیلم شهر اشباح,0,8.6
238906,سنگ، کاغذ، قیچی,90,6.6
242974,موسیقی متن بازی آخرین بازمانده از ما,95,None
240173,ارتباط ,90,7.9
242696,آنخل دی ماریا: فرو ریختن دیوار,82,8.3
242663,کلاهبرداران توکیو,0,7.3
242619,موسیقی متن سریال ارباب حلقه ‌ها: حلقه ‌های قدرت,0,6.9
240306,سامورایی فراری,89,7.5
237838,مدرسه وایکینگ ها,86,6.4
238396,همکاری مغزها,89,6.8
242188,آی سی ۸۱۴: هواپیماربایی قندهار,73,5.5
237507,دونده دوست داشتنی,95,8.9
242181,آخرالزمان: هیتلر غرب را فتح می کند,89,7.6
242130,دروغ های قاتل: تعقیب یک مجرم کلاهبردار واقعی,80,6.1
226201,اهریمن,87,7.7
241868,موسیقی متن فیلم زندگی های گذشته,0,None
240212,شب مبارزه: سرقت میلیون دلاری,86,7.4
241980,قتل آمریکایی: لسی پترسون,88,7
241647,موسیقی متن بازی خدای جنگ,89,None
241914,پاک کن خاطرات بد,86,6.9
239306,واندلا,89,7.5
241925,عشق در خانه,91,7.3
241717,موسیقی متن فیلم آرزو,0,None
241704,موسیقی متن فیلم رایا و آخرین اژدها,0,7.3
241513,موسیقی متن فیلم خرس برادر,0,6.9
236531,آهنگ عاشقانه یک خیال ,86,7.2
241477,موسیقی متن فیلم آخرین بازمانده موهیکان ها,0,7.6
241707,موسیقی متن بازی خدای جنگ: رگناروک,87,None
241164,ربوده شده با هم: چه کسی لیریک و الیزابت را کشت؟,83,6.9
241612,موسیقی متن فیلم ادوارد دست ‌قیچی,0,7.9
241603,هرج و مرج,86,7.5
241440,موسیقی متن فیلم جزیره شاتر,0,None
241507,کودکستان ابرقهرمانی,82,6.2
241774,نابودگر صفر,92,7
217903,گربه های برق آسا,84,7.8
241675,قورباغه,87,7.1
241399,کاوشگران اقیانوس,96,7.7
241582,مطمئنی؟,93,9.5
240933,بایرن مونیخ: نسل ومبلی,82,8.8
232316,چرخ های سوزان: بیا مسابقه بدیم,89,7.9
241216,حسابرس ها,89,7.8
241336,ستمگر,79,6.9
222871,دونا!,81,7.1
239943,روز بازی با وینی پو,84,5.3
241366,یگان هوایی پلیس,72,8.4
241203,پاپ کثیف: کلاهبرداری گروه موسیقی پسران,0,6.6
241173,بدون راه در رو: قمار,75,6.6
240764,ارکستر,0,8
241235,موسیقی متن بازی شاهزاده ایرانی: تاج گمشده,87,None
241051,لالیگا: بی پرده,84,6.8
238832,رویای یک افسانه عجیب,85,6.7
240710,سیاره پویا,0,7.9
240792,داستان های لاک پشت های نینجا,84,6.8
236123,غربت,86,None
238896,پستانداران,87,8.5
239121,هیولای زرد توقف ناپذیر,86,7.6
239411,رئال مادرید: افسانه سفید,92,7.6
238588,به دام افتاده,81,8
240694,محله بی,71,8.4
239271,ماشین تحریر شیکاگو,89,8.2
240481,اسکله,88,6.2
240213,راهزنان زمان,87,5.9
239680,طوفانگر,71,6.3
238102,بانوی دریاچه,72,5.9
239524,آن‌ هایی که در شرف مرگ هستند,89,6.5
239088,پینوکیو در دهکده سحرآمیز,81,7.6
238207,میلیاردها,84,8.3
240358,موسیقی متن سریال برکینگ بد,79,None
240109,موسیقی متن سریال فرار از زندان,0,8.3
237209,بریده,0,6.5
240195,موسیقی متن فیلم شرک,66,7.9
239760,ولیعهد گمشده ,89,6.9
239500,تاثیر مضاعف,77,7.5
239930,موسیقی متن فیلم یکه سوار,0,6.4
239913,جنگل آسفالت (ویژه ناشنوایان),76,5.6
240083,موسیقی متن فیلم بلید رانر ۲۰۴۹,0,8
240017,موسیقی متن فیلم یخ زده,85,7.4
237442,اکازیون (ویژه ناشنوایان),84,None
239575,موسیقی متن فیلم گورستان کرم‌ های شب ‌تاب,0,8.5
239566,کار داگلاس ساخته است,73,7
239841,موسیقی متن فیلم ای. تی. موجود فرازمینی,0,7.9
239789,موسیقی متن فیلم راننده تاکسی,0,8.2
239870,موسیقی متن فیلم مرد بارانی,0,8
238707,خاطرات قطره شبنم,83,8.2
239483,موسیقی متن فیلم شرلوک هلمز,0,7.6
239456,موسیقی متن فیلم سکوت بره ها,0,8.6
238321,ماموران مخفی,82,6.9
237558,هیتلر و نازی ها: محاکمه شیطان,85,7.5
239553,موسیقی متن فیلم آخرین سامورایی,0,7.8
131691,لونی تونز: سری جدید,91,8
238305,اکشن,0,8
239387,سانی,80,6.9
239334,جهنم تلخ و شیرین,87,7.1
236960,بازرس ارشد ۱۹۵۸,85,7.9
239254,ناپدید شدن کیم وال,83,6.6
236916,خانواده استثنایی,90,7.6
239201,آستین,0,7.6
238819,دادگاه عدالت,69,6.9
238533,دنیای مخفی صدا با دیوید اتنبرو,89,8.2
237434,رباس,74,7.2
238442,فاینس ها به طبیعت وحشی باز می گردند,0,7.3
237068,دنیای زنده ما,90,7.7
238854,سوپاسل,78,6.9
238685,کابوس ها و رویاهای جوکو انور,72,6.6
235821,نسخه های متفاوت داستان های برادران گریم,84,6.3
237313,دکتر هو,76,6
237909,پنهان,84,7.1
238472,ری: هیولا,91,6.5
238137,بیبی بام کوچولو: وقت آهنگه,66,6.4
238018,حیوانات بازیگوش,86,7.6
238168,کوکین,73,7.3
228008,پوکمون مهماندار,83,7.7
210122,کابوس ها و توهمات: برگرفته از داستان های استیون کینگ,76,6.8
237738,دنیای شگفت انگیز,91,7.7
237800,پرو و گاتو,77,8.7
237400,گارودن: شیوه گرگ تنها,77,6.1
236692,مقدر شده با تو,94,7.6
237626,کری و لو,70,8.6
237771,کل جهان نان می خورند,90,8.1
236347,نقطه عطف: بمب و جنگ سرد,92,8.3
228225,زام ۱۰۰: کارهایی که قبل از زامبی شدن می‌ خوام انجام بدم,93,7.8
237597,شریک جرم (ویژه ناشنوایان),75,5.9
236575,آرک,90,6.6
237251,اودربراخ,58,6.8
237588,اصل برائت,92,7.8
237398,داوینچیز (ویژه ناشنوایان),57,None
233435,با وجود اینکه می‌ دانم,85,7.1
236174,با هم: برنده های سه گانه,81,7.4
237531,یک کف مرتب,56,7.3
237123,بداهه با هالیوود ریپورتر,87,7.3
237188,نیمه‌ شب در آموزشگاه,80,7.5
231346,اژدهایان سرزمین جادویی,79,5.7
237294,بازی هرمی,95,7.7
228770,سوکیمیچی,93,7.6
232625,صداهای زمین,90,8.7
236308,دور افتادگان,71,5.8
237272,سلسله مراتب,87,6.6
232780,بی خوابی بعد از مدرسه,89,7.9
235576,هوریمیا: قطعات گمشده,96,7.7
237217,خرپول و کارآگاه,94,7.8
227726,شمشیرزن دوره گرد,93,8.1
236988,اکلایت,72,4.4
202489,لیگ عدالت,80,8.6
236998,مورفل و حیوانات خانگی جادویی,81,7.4
236224,تی. پی بون,82,6.9
236934,تایرهای ماشین,0,7.7
236504,سگ های سازنده,88,6.4
236900,اریک,86,7
236371,کنسرتینو,81,None
234939,ناکلز,93,6.2
234978,خداحافظ زمین,77,4.3
234644,مردان راه آهن: داستان ناگفته بوپال ۱۹۸۴,80,8.5
233278,ناگت مرغ,64,5.1
236540,صورت فلکی,88,6.8
236748,عمو سامشیک,73,6.7
236770,نمایش ۸,87,7.3
210859,دختران گربه ای,87,6.6
235954,چشم قرمز,85,7
202828,پروژه لازاروس,71,7.3
236657,۹۹,84,9.3
234526,ابر گربه ها,84,5.9
233882,موسیقی متن سریال فارگو,0,8.9
202286,قاتل کپی کار,70,7
235723, دایناسورهای بد,85,7.6
233825,موسیقی متن فیلم تروی,0,None
236136,ماه در روز,89,7.1
227138,قتل در بوستون,78,7.1
236041,داستان قرارداد ازدواج پارک,94,7.5
231599,سلسله ها ۲,87,8.6
236066,فریرن: فراتر از پایان سفر,93,8.9
226478,بازگشت زوجین,88,8.2
234077,موسیقی متن بازی رد دد ریدمپشن ۲,93,9.7
235232,فریفتن پادشاه,89,7.7
233927,موسیقی متن سریال لوکی,0,8.2
233924,موسیقی متن فیلم تل ماسه: قسمت دوم,0,8.8
235769,الای میان ستاره ای,81,6.9
230310,دشمنی,0,8.4
233737,موسیقی متن بازی فرقه اساسین ها: والهالا,86,7.9
235977,الزبت,84,7.8
235462,کایجو شماره ۸,96,8.2
234127,موسیقی متن فیلم آواتار,0,None
233257,انگل: خاکستری,85,7.2
235804,ماده تاریک,94,7.7
233931,موسیقی متن بازی سرنوشت,0,7.7
235447,پنج نفر مشهور,86,4.6
235670,هوپ,61,7.8
234331,هواپیماربایی پرواز ۶۰۱,67,6.8
227683,زود اعتماد می کنیم,0,6.8
231707,ایواجو,85,7.2
235314,خانه جغد,64,7.6
233453,سلطنت آهنین,75,6.5
235263,زیر پل,90,7.4
235332,لشکر شنگری-لا,95,7.6
205053,مسابقه بقا در آلاسکا,85,7.7
235542,یکشنبه های باحال,85,7.5
235145,ملکه ها,97,7.5
235187,پیروزی؟!,86,6.2
235489,بره ناقلا: مسابقات قهرمانی بره ها,83,7.5
231579,خیلی تند: دنیای تند افراد اهل فلفل,85,7.2
229951,شکارچی در برابر شکارچی,94,9
231052,بگو که عاشقم هستی,87,8.6
235172,آپارتمان ۴۰۴,87,7.7
235116,ردیاب,89,6.8
233354,نینجا کامویی,87,7.4
235354,نقاب,87,6.6
235466,عکاس,97,7.8
235375,غذای دخمه,93,7.7
235285,اسرار اختاپوس,97,8.3
232343,پارادوکس قاتل,77,7.2
228086,کرانه خون,76,7
234672,ماجراهای راکی و بولوینکل,87,5.8
231858,فروشگاهی برای قاتلان,93,8.1
234995,جادوگر و جانور,93,6.8
174678,قدیسان نارکو,83,7.3
188688,دنیای وینکس,92,6.8
216495,اجنه: رازهای موگوای,80,7.1
230167,خانواده غریبه من,83,7.6
234929,کارآگاهان پسر مرده,88,7.6
215860,فندک و شاهدخت,90,8.2
223737,فری,74,7.7
227764,کونوسوبا: انفجاری در این دنیای شگفت انگیز!,90,7
223127,نفرین!,86,6.8
234652,کلاهبرداران,88,7.1
223572,ضربان قلب,87,7
233476,خاطرات داروساز,96,8.7
196532,نیمه تاریک کمدی,0,7.3
203339,بسکتبال کوروکو,94,8.2
203849,افسانه سیب شکری,93,7.1
200129,آشپزخانه جینی,92,9.8
229552,مرد پولدار,85,6.7
229084,پرندگان خارزار,91,7.9
196782,در جستجوی آلاسکا,90,8
229169,مصلحت ها,0,7.6
231203,کابوس آمریکایی,90,7.5
233685,جنگ گوریو-خیتان,87,8.1
227312,مجرمان,0,6.8
230157,بی تی اس: ورای یک ستاره,82,9.1
229496,ظهور نازی ها,92,8.1
233346,بلگراویا: فصل بعدی,86,6.9
233027,همزاد من,53,None
226150,اهریمن من,95,8.2
233798,دلسوز,77,7.7
222236,شخصی دیگر,90,6.7
225748,بارش هسته ای,88,8.4
232718,نفسگیر,0,7.7
214599,بت ویلز,87,5.9
204938,بی وفا,87,6.4
232170,موسیقی متن فیلم شوالیه تاریکی بر می خیزد,0,8.4
233621,مونکارت,92,None
231892,موسیقی متن فیلم زندگی پای,0,7.9
232290,موسیقی متن فیلم لا لا لند,85,None
233188,نل یاغی,84,7.3
232301,موسیقی متن فیلم شکل آب,0,None
226998,هیلی و شجاع دلان,78,None
233218,شوگر,84,7.7
233243,ریپلی,91,7.8
232700,تعقیب,79,7.2
233091,نجیب زاده ای در مسکو,91,7.1
226963,هیولای گیونگ‌ سونگ,92,7.3
233096,پریش,89,6.9
196341,دختر  برفی,80,6.9
212579,فوتبالیست ها: جام جهانی ۲۰۰۲,78,7.7
37326,وراثت,86,8.8
197335,سالی بر روی سیاره زمین,92,7.9
201324,مراقب بتمن باشید,84,7.3
213362,وقتی کوسه ها حمله می کنند ۳۶۰,70,6.3
227839,چرخ های آتشین,79,4.5
214255,پدر براون,86,7.8
213296,بی گناه,75,6.7
231557,خاندان نینجاها,86,7.3
229684,سفرهای باورنکردنی حیوانات,86,8.7
209570,ازدواج,0,6.3
211391,سگ های خفته,0,6.4
193812,فولکلور,76,5.7
228338,عزیزترینم,95,8.9
217103,حماسه وینگ فدر,86,8.4
177083,ربات‌ های جنگجوی گاندام: جادوگری از مرکوری,93,7.5
231929,موسیقی متن فیلم شبکه اجتماعی,0,7.8
229866,کایا و قهرمانان کیموجا,79,6.6
232309,موسیقی متن فیلم آرتیست,0,7.9
214111,نهنگ تک شاخ متفاوت,85,7.3
232855,مسئله سه جسم,88,7.6
216671,پادشاه زمین,95,5
227894,ماجراهای ابرقهرمانان مارول,85,5.7
223327,سیب زمینی ابرقهرمان,80,7.6
232967,مردان ایکس: ۹۷,89,8.9
204289,قوانین رزی,0,7.3
214212,اسکوبی دو! کجایی؟,90,7.9
227950,یک روز خوب برای سگ بودن,93,7.3
221750,به سوی زمان تو,89,7.8
231990,موسیقی متن فیلم بالا,0,None
227409,سبقت!,91,7.6
228982,بسپارش به هیلی,90,7.1
232304,موسیقی متن فیلم میلیونر زاغه نشین,0,None
232294,موسیقی متن فیلم کوهستان بروکبک,0,7.7
232037,موسیقی متن فیلم تاوان,0,7.8
231496,مسیر کوکوملون,72,3.3
231282,جنگل آسفالت,91,None
187274,ماجراجویی عجیب جوجو,91,8.4
221219,غریبه ها,90,7.4
232297,موسیقی متن فیلم در جستجوی ناکجا آباد,0,7.7
204330,دنیس و گنشر,86,6.8
232069,موسیقی متن فیلم فریدا,0,7.3
229542,اسکات پیلگریم پرواز می کند,85,7.8
232088,موسیقی متن فیلم ببر خیزان، اژدهای پنهان,0,None
204717,کیف,92,7.5
223454,سیاره زمین ۳,94,9.7
232118,موسیقی متن فیلم ارباب حلقه‌ ها: دو برج,0,None
231547,اکازیون,91,None
179643,سه قرون,89,6.8
203449,رستاخیز امپراتوری بزرگ سلجوقی,92,7.8
210958,توی نوزدهمین زندگیم می‌ بینمت,92,8.1
153368,حماسه,86,7.6
213214,ماجراهای من و سوپرمن,90,7.8
118599,وطنم تویی,92,8.2
231639,داک داجرز,87,7.7
227954,قطار بلاتکلیف,80,5.9
232364,داستان ایندرانی موکرجیا: حقیقت دفن شده,80,6.3
231991,جنتلمن ها,93,8.2
231860,موسیقی متن فیلم می دسامبر,0,None
231145,مرد من الهه عشقه,84,7.2
228068,روزی روزگاری بچگی,84,7.9
213608,ارین,0,7
227489,رمانسرو,58,6.2
231504,جام جهانی مسی: ظهور یک افسانه,74,8.3
232287,موسیقی متن سریال آسوکا,0,7.6
227801,۱۶۷۰,0,8
231840,موسیقی متن فیلم قوی سیاه,80,None
215721,دی آغازین: مرحله اول,89,8.5
231804,موسیقی متن فیلم پلیس آهنی,0,None
215408,اعداد,87,7.1
196524,تاج توخالی,80,8.2
223971,عشق ورزیدن به یامادا با لول ۹۹۹,92,7.6
227909,براون: داستان باورنکردنی فرمول یک,96,8.5
215482,باکی هانما,89,6.8
229779,کبرا,76,6.3
227799,شب فرا رسیده,91,7.3
230636,موسیقی متن فیلم ایندیانا جونز و گردونه سرنوشت,0,None
227090,پرسی جکسون و المپ نشینان,92,7.1
226117,دوز روزانه آفتاب,93,8.3
223467,شوگان,93,8.6
203143,فقط تو: مجموعه انیمیشن های کوتاه,63,6.9
228111,ترداستون,87,6.9
228644,مردگان متحرک: بازماندگان,93,8.4
227461,همر و بولتر,75,7.2
230569,موسیقی متن فیلم او سمت من آمد,0,None
212527,خیابان بی گناهان,91,7.9
192558,موزه تسخیر شده,71,5.7
224333,آواتار: آخرین باد افزار,94,7.4
228019,جنگ جهانی دوم: از خطوط مقدم,94,8.2
227576,شتلند,92,8.3
229377,میراث خانوادگی,79,6.4
230035,دلالان ازدواج,89,7.5
230464,موسیقی متن فیلم داستان آمریکایی,0,7.7
230527,موسیقی متن فیلم فراری,0,6.6
230493,موسیقی متن فیلم تند و آتشین,0,None
230745,موسیقی متن سریال نفرین,0,None
230749,موسیقی متن سریال محله کارناوال,0,None
230250,موسیقی متن فیلم ارباب حلقه‌ ها: یاران حلقه,89,8.9
230601,طیف های عشق,71,8.3
230741,موسیقی متن فیلم راستین,0,6.6
230729,موسیقی متن فیلم کینگ کونگ,0,7.2
229637,زندگی واقعی یک حشره,79,7
194282,ترور طنین انداز,93,7.8
219229,قلب تاریک,66,6.6
193779,کارگاه ریچارد هموند,84,8.1
230656,ظاهر جدید,95,7
206766,واردی در برابر رونی,0,6.3
198016,عاشق اینم که ازت متنفر باشم,92,7.8
229709,کاپیتان های جهان,89,8.4
230320,موسیقی متن فیلم مرد عنکبوتی: آن سوی دنیای عنکبوتی,76,8.6
198999,جوانی ربوده شده: درون فرقه سارا لارنس,85,7.2
217433,آلیس، آخرین سلاح,83,6.9
221183,اصیل ها,93,8.3
218217,به یاد مانده,91,8.4
230135,موسیقی متن فیلم نجات سرباز رایان,0,None
227945,جراح بد: عشق زیر چاقو,86,7.2
226616,آرزوها ,0,9.2
216798,تقریبا بهشت,62,7.5
223202,۳۰ سکه,82,7.1
230027,مثلث ناپدید شده,78,6.3
227629,سیاره عجیب,86,6.5
230212,موسیقی متن فیلم منچستر کنار دریا,0,7.8
225334,آب سیاه,74,8
229923,موسیقی متن فیلم فارست گامپ,84,8.8
230099,این جام,69,None
230050,روز خونین خوش اقبالی,72,7.4
225149,غم انگیزتر از غم,92,8.1
229984,موسیقی متن فیلم شوالیه تاریکی,0,9
229829,موسیقی متن فیلم افسانه ۱۹۰۰,0,None
226268,موسیقی متن فیلم ایندیانا جونز: مهاجمان صندوق گمشده,0,None
209381,دابلیو: دو دنیا,93,8
229457,تبعیدی ها,90,5.9
217704,اسلحه ها و اهالی گلاب گنج,0,7.8
216738,شکارچی,81,6
223865,دختر سیگارچی,88,8.2
229693,آقا و خانم اسمیت,76,6.8
227559,شلدون جوان,93,7.6
229579,مامور خودسر,91,7.8
221922,پسران راکتی,89,4.6
224416,کنگان آشورا,84,8
192631,بلیچ,92,8.2
223046,ترانه راهزنان,81,6.5
226968,داستان قایق,0,7.4
194795,ماری آنتوانت,91,7.3
214831,فرشته تاریکی,87,7.4
229411,زورو,88,6.1
229360,اربابان آسمان,92,8.7
228288,گریسلدا,90,7.4
206192,جو سازان,0,7.3
209851,روی صحنه,0,8.5
227531,فریبکاری لذت بخش,86,7.3
208715,اخراج شده در مریخ,77,6.9
213588,بونگ سون دختر قدرتمند,95,8.2
213789,پسران موشکی,0,8.9
229064,پایان خوش من,91,6.7
229037,موسیقی متن فیلم نابخشوده,0,8.2
203320,پیچ,0,6.8
221866,دیوانه برای هم,86,7.9
224009,نفرین,75,6.9
228520,پسری که جهان را قورت می دهد,83,8.2
227340,دورهمی تاریک,92,7.2
206834,حامی,80,7.5
228944,موسیقی متن فیلم بتمن آغاز می کند,0,None
227387,فرمانروایی های ویرانه,90,6.7
210848,نانسی درو,80,6.6
229034,موسیقی متن فیلم فرشتگان و شیاطین,0,6.7
228931,مرگ و جزئیات دیگر,87,6.6
228972,موسیقی متن فیلم لئون حرفه ای,86,8.5
218812,بی صدا,70,7.9
228594,سوء پیشینه,84,7.2
228789,موسیقی متن فیلم نابودگر ۲: روز داوری,0,8.6
228716,موسیقی متن سریال سامورایی چشم آبی,0,8.8
228852,موسیقی متن فیلم پنج شب در کنار فردی,82,5.5
228857,موسیقی متن فیلم بیچارگان,0,None
228627,موسیقی متن فیلم آدم کش,0,6.8
212043,مامان عزیزم,89,8.7
225421,دیمون من,82,7.9
193655,روح مبارز: چالش جدید,86,8.8
228652,موسیقی متن فیلم شیرشاه,0,None
224690,اختراعات بدشگون,90,7.3
225878,جرم,91,7.3
205158,آشپزی در کمپی از جهانی دیگر با توانایی های عجیب من,96,7.6
198055,سرزمین خونین,0,6.6
225826,زندگی بر روی سیاره ما,93,8.1
228438,تک رو,97,8.6
223505,اکو,80,6.9
228476,آقای بیتس در مقابل اداره پست,87,9
221906,دایره وحشت,86,6.7
227267,حکمرانی لاشخورها,81,8.8
228027,یک بار فریبم بده,92,7
197360,من از رانندگی خوشم نمیاد,66,7.2
202856,تسویه حساب: پول و قدرت,83,7.3
213190,پسر کریچ,0,7.2
200636,مسافر بی میل,0,7.5
226578,سرآشپز,95,7.2
228043,برادران سان,87,8.1
227441,استاد: رشته‌ های حقیقت,95,8
223848,شب بخیر دنیا,84,6.4
224756,صحرای مرتفع,0,6.2
226908,آکتور (ویژه ناشنوایان),76,None
203303,طوفان کریسمس,0,7.1
192533,تثلیث سایه ها,0,6.6
225301,برلین,93,7.7
192492,کنترل جمعی,0,7.9
192419,آخرین ستاره های سینما,0,8
180765,مسابقه بزرگ آشپزی,92,7.6
226532,موسیقی متن فیلم پاندای کونگ فو کار,84,7.6
209454,نینجاگو: پیدایش اژدهایان,90,7.7
211259,ماشلی: جادو و عضلات,97,7.7
219953,دروغگوی دوست داشتنی من,95,7.8
225318,مزرعه خانه سفید,85,7.4
227048,موسیقی متن بازی هوی رین,0,None
221640,وقت ماجراجویی: فیونا و کیک,90,8.9
195322,می توانم کمکتان کنم,90,7.6
192659,خسوف,0,8.3
223096,پلوتو,91,8.9
226772,یویو هاکاشو,87,7.7
223424,پلیس رودخانه هان,64,6.3
227036,بازی مرگ,96,8.9
226302,موسیقی متن فیلم بن هور,0,None
226535,موسیقی متن فیلم خالق,0,6.9
227105,رای اعدام,92,7.2
178659,ساعت شیطان,89,7.6
226248,موسیقی متن فیلم مولان,0,7.7
197616,تماس راه دور,79,6.6
226529,موسیقی متن فیلم مرد پولادین,0,None
226085,موسیقی متن فیلم هزارتوی پن,0,None
159318,تیم فوتبال آذرخش: کهکشان,71,6.9
209094,آیدل بهشتی,90,6.5
215422,دنیای زامبی ها,81,4.4
206349,کراس اوور,0,5.6
212165,کیت و کیت,76,7.1
192611,زندگی پس از مرگ با تایلر هنری,0,6.2
225959,آیاکا: داستان پیوندها و زخم ها,89,5.8
226746,بدترین شیطان,92,8.4
214141,داستان پیدایش دی سی,97,7.1
204045,به یاد آور,90,7.7
226413,مگه تموم عمر چند تا بهاره؟‌ (ویژه ناشنوایان),85,None
216996,متهم,79,7
215074,دروغ های پنهان در باغ من,76,7.1
226225,موسیقی متن فیلم هری پاتر و زندانی آزکابان,87,7.9
226609,به سامدالری خوش آمدید,95,8.3
219440,پس کمکم کن تاد,83,7.5
192969,شوا گنروکو راکوگو شینجو,87,8.4
226396,موسیقی متن فیلم دانکرک,0,None
222164,۱۱ سپتامبر: یک روز در آمریکا,82,9.3
220172,دکتر وکیل,87,7.2
224545,موسیقی متن سریال بازماندگان ,0,None
187425,پاور رنجرز: خشم داینو,94,6.8
191994,کت,69,8.2
206294,وقتی گل ها شکوفا می شوند به ماه فکر می کنم,87,7.3
217403,دکتر رمانتیک,95,8.4
226054,یک خانواده تقریبا معمولی,88,6.9
197346,استون هاوس,0,6.9
163367,سوگند عشق,89,8.2
216381,پشت هر ستاره,80,7
196378,جستجوی افسانه ای,0,7.7
225505,آتش نشان دایگو: نجات دهنده نارنجی پوش,80,7
225729,جیب بر حیله گر,94,7.8
222955,شریک جرم,85,None
186517,باید درباره کازبی حرف بزنیم,0,7.8
212063,جمستون های درستکار,0,8.1
204972,توییرلی ووها,85,7.3
188357,محافظین رویا,93,5.5
225135,پاریا نکسوس,75,7.5
217370,نظم و قانون: جرائم سازمان یافته,85,7.7
214696,دانشگاه پلیس,91,7.2
188325,شک,0,7.9
222933,هفت فراری,82,6
182691,محکم بگیر,69,6.2
223634,سامورایی چشم آبی,94,8.9
225113,ژن جنایت,75,7
222951,داوینچیز,88,None
204627,بوکی,93,8.3
216880,تازه وارد: مامورین فدرال,95,5.2
222563,فاراوی داونز,88,6.9
225246,یتیم سیاه: پژواک‌ها,82,6.3
216116,زندگی کن,91,7.2
225364,کوین هارت جان سخت,86,5.3
180654,تاتامی: ماشین زمان,72,7.5
224506,موسیقی متن فیلم گلادیاتور,95,None
222771,بازی مرکب: چالش,84,4.5
223216,سرگذشت یک شیطان,91,8.1
180790,پایین شهر,0,6.7
215507,اسمارت لس: توی راه,0,8.3
216858,دروغ های حقیقی,87,5.2
210335,پاندورا: زیر بهشت,75,6.5
215903,پیشتازان فضا: عرشه های پایین,80,7.6
224921,موسیقی متن فیلم تبدیل‌ شوندگان: آخرین شوالیه,0,None
208936,وظیفه هیئت منصفه,0,8.4
216978,سوار مرده بازی مرگ,91,6.8
223021,بلیک و مورتیمر,97,7.4
222086,جزیره اشکال ,90,7.5
205300,پلنگ صورتی,81,6.8
195092,می می میشکی,64,7.3
222036,شگفتی های بلیپی,85,4.6
219769,باب اسفنجی از زبان عواملش,58,7.2
201079,موسیقی متن فیلم هری پاتر و سنگ جادو,88,7.6
211195,آئوکو: دالان های درون,81,7.5
224751,موسیقی متن فیلم قاتلان ماه کامل,0,None
223596,جرئت صعود: قله بعدی,88,7.7
209249,اشتیاق کامل,0,7.1
173751,ال ری: ویسنته فرناندز,0,6.9
175188,طغیان آب,0,7.1
217908,گرگ,71,6.7
213672,خبر فوری,66,8.1
175988,به عروسی جهنمی خوش آمدید,87,6.2
224495,قتلی در پایان دنیا,83,7.7
176408,تحقیقات دایانا,90,7.4
221567,موسیقی متن فیلم ورود,0,8.1
209866,کلارک,72,7.4
213259,مسئولیت سنگین اثبات,0,6.8
198322,به سوی ابدیت تو,92,8.5
224622,پادشاه: میراث هیولا,88,7.6
203514,لونی تونز جدید,93,5.7
224362,۰۰۷: رقابت بر سر یک میلیون,90,6.9
224280,همه عاشق الماسند,87,6
224221,موسیقی متن فیلم هری پاتر و تالار اسرار,82,7.4
180005,قلمرو کروکودیل وحشی,0,7.1
203716,جویندگان,55,8.6
224000,من و میکی,74,5.4
224275,موسیقی متن فیلم سینما پارادیزو,0,None
190423,خودرو آمریکایی,0,6.1
178856,با اجازه از محضر دادگاه,82,7.4
207412,کار کردن: عادت هر روز ما,77,6.7
198163,کانک و مسائل زمین,75,8.1
221618,شکارچیان,91,7.5
207829,عالیجناب سایه,94,7.9
183133,دروغ هایی که سر هم می کنیم,91,7.1
222802,موجود,86,6.9
223240,هندوانه چشمک زن,97,8.9
223532,مرد قانون: باس ریوز,84,8.2
162695,لوسیفر و چکش سفالی,87,7
223303,روز آدم ربایی,90,8.3
223375,جنگجوی اونی,90,7
223263,تمام نوری که نمی توانیم ببینیم,92,7.5
185847,طلایابی خانواده هافمن,0,5.7
222911,نام سون دختر قدرتمند,89,6.7
222294,مسی در آمریکا,79,7.1
220356,برادران معجزه گر,92,7.3
222538,جونجی ایتو مانیاک,81,6
215572,کدت های مکانیک,89,7.8
204200,کلاس فشرده عاشقی,92,7.8
210097,سام، یک ساکسون,0,6.6
222833,حیوانات از نزدیک با برتی گرگوری,90,9
203237,پاسخ ۱۹۹۴,91,7.7
218814,تاج: تقسیم شده با خون,85,6.9
222612,گروه گاراژی,79,7
222701,دختران سوزان,76,6.7
219034,گانیبال,85,7.4
218903,ویل ترنت,88,7.6
218600,ساحل شمالی,91,6.6
220657,کسلوانیا: منظره شب,95,7.5
210073,قبرستان,86,7.7
194762,مکسین,85,6.8
195872,صعود,82,6.8
222131,بیدار شو، کارلو!,81,8.1
210837,زن اهریمنی,0,7.5
222327,ازدواج شاد من,94,7.9
218056,آقای یخی و همکار خونسردش,91,6.7
207330,نامش را عشق بگذار,85,7.7
208904,چگونه ثروتمند شویم؟,90,6.3
221093,پسر بزرگ,64,8.4
197068,نماینده,0,6.6
222123,پرنده کوچک,73,7.8
221572,موسیقی متن فیلم مگس,0,7.6
222146,هیچی,86,8
160792,غذای خیابانی: آمریکا,90,6.8
221575,موسیقی متن فیلم در جبهه غرب خبری نیست,0,7.8
145360,آموزش نویسندگی داستان های مهیج با دن براون,0,None
198570,رکاب زنان کوهستان,93,7.7
161496,کولوسئوم,79,7.1
221951,دروس شیمی,95,7.4
221500,اتفاقات پیش رو بر پایه یک مشت دروغ بنا شده اند,0,7.1
221898,سقوط خاندان آشر,86,8.9
203204,هشدار,85,5.7
221671,همچنان بیدار,81,6.1
200102,باباهای رفیق,96,7.7
221446,کروموزوم ۲۱,86,7.4
216709,رابطه,0,6.5
221115,موسیقی متن فیلم بر باد رفته,0,None
221351,بکام,95,8.5
221512,ایوا جغد کوچک,82,8.3
220976,موسیقی متن فیلم جدامانده,0,8.5
197897,پرنسس قدرتمند,82,4.6
220329,کودک دلبند,92,7.4
175227,جدا از هم دوام می آوریم,0,6.8
202870,حفار,82,6.5
220759,موسیقی متن فیلم رنگو,84,7.2
214735,سلبریتی,91,7.4
186933,سرنوشت موزیسین های مبارز,93,6.8
221077,مواجهه ها,86,6.6
216654,همسر سابق,88,6.3
220248,جیمی دوکفشه,81,5.9
213028,این دنیا نمی تواند من را خراب کند,88,8.1
177090,سگ ها,78,8
194917,سوپرلیگ: جنگ برای فوتبال,65,7.3
220593,موسیقی متن فیلم روح,85,8
220757,چه کسی جیل دندو را کشت؟,76,6.4
219399,نبرد خوشبختی,93,7.5
215238,مرلین,91,7.9
219049,تعطیلات خرگوش بلا و گرگ ناقلا!,77,4.8
213311,نفرین خون,87,7.6
206393,آشوب ماپت ها,77,8
210033,بهار جوانی ما,94,7.7
218893,گامرا تولد دوباره,85,6.7
214395,گرداب,92,7.6
178041,منطقه آتشین,0,7.2
208231,فرشته دندان: وقتی عشق گاز می گیرد,60,7.2
199404,هالووین کوچک,0,6.1
215652,دوران خوش,87,7.3
214054,وکیل چوسان ,93,7.7
217822,هنوز نمرده,84,7
125916,معماهای سیلوستر و توئیتی,89,7
218626,ناتمام,80,6.6
202312,طلاق مقدس,92,7.4
217169,آرک,78,5.3
210156,باشگاه موتورسواران مایان,0,7.6
219653,زن درون دیوار,73,6.9
209884,سوژال – گرداب,0,8.2
210394,ناحیه,0,7
195641,آشپز: پخت و پز برای مایکوها,88,8
142049,قفل آبی,95,8.1
219980,اسلامبرکین ها,83,8.9
219866,کانتیننتال,89,7.4
205910,تقلب,67,5.9
219213,آخرین چیزی که به من گفت,80,6.5
208817,وو تانگ: حماسه آمریکایی,0,8.3
205745,آواره,0,7.5
203622,دادگاه شبانه,73,5.9
219377,طبیعت بکر,80,6.3
218650,داستان رانده شدگان,93,6.1
206633,آن سوی اقیانوس اطلس,0,6.6
218405,از گور برخاسته,91,8
204016,روبی و چاه,91,8
219005,خانه خراب,86,6.4
178353,قاتل رمانتیک,93,7.6
219006,گل های گمشده آلیس هارت,87,7.9
188548,بزرگ شدن,0,7
211902,مگی: هزارتوی سحر و جادو,95,7.8
173383,وبتون امروز,85,7.4
214201,تیم دی پی,89,8.2
199872,نوسان کامل,0,8
218986,دکتر چا,91,7.5
211547,ستاره من,96,8.3
182977,#رسیدی خونه خبر بده,89,8.1
205809,توهم بهشتی,92,8
204586,مسیر کرم شب تاب,69,7.4
207231,گسل های نیویورک,0,7.4
203980,وقتی تو خواب بودی,95,8.3
218956,چراغ های آبی,69,8.2
202521,دام,88,7.2
180331,مسابقه قهرمانی,0,8.2
218778,مردگان متحرک: دریل دیکسن,94,7.5
178957,پادشاه اشک ها لی بانگ وو,87,4.1
209024,فراتر از مرزها,90,7.2
215805,سوپر تیم ۴,80,6.5
218455,همزاد,62,6.2
183252,رجینالد خون آشام,75,5.9
216613,به مدرسه شیاطین خوش آمدی! ایروما-کن,96,7.7
208764,قهرمان ضعیف کلاس,95,8.4
208191,الماس های خشن,82,7.2
182926,ترکیب تیم ما را نجات بده,78,6.6
217235,خانه بزرگ,0,7.8
205735,جنگ ستارگان: ماجراهای جدای جوان,77,5.9
194404,دکل,0,5.8
218158,پناهگاه هارلان کوبن,84,6.6
217314,صد سال با کمپانی برادران وارنر,89,7.6
194895,خیانت,87,6.3
209270,یاکیتوری: سربازان بدشانسی,76,6.5
180421,رها شده,70,6.4
212742,سگ های شکاری,94,8.1
216794,چیدمانه,81,None
216306,سپیده دم,73,5.9
215031,متحرک,89,8.5
216338,آرام بخش,0,7.5
200280,بارش برف,74,8.2
179960,اتاق کنترل,0,5.6
209414,خیاط,88,6.2
208738,پرستار,86,6.9
179395,دی. بی. کوپر: کجایی؟!,88,5.4
217484,وان پیس,88,8.6
208032,حالا زیباست,90,8.3
217595,تحت تعقیب: فرار کارلوس گون,0,7
212850,ماموریت پس از مدرسه,91,6.8
217485,ارین کارتر کیست؟,88,6.4
217256,مون گرل و دایناسور شیطانی,84,7.5
199801,بهترین زمان پخش,0,6.2
217321,دپ در برابر هرد,85,4.9
213496,پارک های ملی آمریکا,0,7.3
210209,جزیره جمجمه,93,6.8
205076,ترولی,83,7
194754,لیتویننکو,0,7.4
215585,موسیقی متن فیلم جان ویک ۴,0,7.8
217167,هجوم,87,5.8
195917,ال چاپو,85,7.8
215753,ماجراجویی جهانی دیوید اتنبرو,90,7.6
188843,جمجمه داغ,76,7.3
215708,خائن کشی,82,None
216244,گوسفند کاراته کار,88,7.3
216348,ارباب / جاسوس,89,7.6
210212,من شهریوری ام,75,6.6
215439,موسیقی متن سریال آخرین بازمانده از ما,90,8.8
215503,افسانه زودیاک قاتل,81,5.5
197560,آشوب!,84,8.2
217055,آسوکا,90,9.1
213568,نیروی پادشاهی,84,7.5
216137,پادشاه زمستان,90,4.6
209681,شیردال,84,6.9
161825,لینک کلیک,96,8.5
213766,مامان بد,96,8.4
215448,سرگیجه (ویژه ناشنوایان),71,None
202475,آزاد شده از زندان,0,6.9
197121,تماس ها,68,7.7
197254,بت وومن,85,3.6
210541,ساکت,77,5.6
175475,کارن پیری,93,7.6
207950,کاملا خوب,80,7.1
204477,واکو: آخرالزمان آمریکایی,76,7
205640,مدرسه ۲۰۲۱,89,7.4
215434,موسیقی متن فیلم پدرخوانده,93,9.2
215100,موسیقی متن سریال ویچر,84,8
172320,روح مبارز: ظهور,88,8.7
215627,آموزش نویسندگی و پرورش قدرت تخیل با ایمی تن,85,None
215269,موسیقی متن فیلم پلنگ سیاه,0,7.3
211762,کیزازی موتو: نسل آتش,64,7.6
207682,مک گرگور برای همیشه,87,7
213113,مهمانخانه رمانتیک مخفی,93,7.5
213905,مدیر شیفت شب,87,7.6
161704,خانم اس,78,7
211723,کنترل حیوانات,0,6.6
195394,ازدواج ممنوعه,93,7.5
188824,پرونده های جنایی خیلی سخت,78,6.6
206397,باپکیس,0,7.3
197548,رنگ های واقعی,0,7.2
213297,خلیج تخته پاره ای لی لی,57,7.9
210919,نابغه آلمانی,0,5.3
179611,هنر شمشیر زنی آنلاین,92,7.6
214039,موجه: شهر باستانی,84,8
207480,کوکدو: فصل خدا,87,6.5
192209,کشور بی ارزش: خاندان مردا,88,7.3
214490,آموزش بازیگری با کوین اسپیسی,89,8.6
214565,خانه را بسوزان,85,6.7
206312,جذابیت عشق,75,6.6
213949,آتش نشانان لس آنجلس,0,8.2
214293,قهوه ای و دوستان,88,8.4
179895,در آرامش: تعطیلات دوستانه بی تی اس,87,8.7
199453,ایوای ماندگار,0,7.8
177507,زنان جنبش,71,7.6
212955,کلاس ۰۹,80,6.5
194371,بچه ها همه چی رو خراب می کنن,70,6.3
191452,با دل و جرئت,0,4.2
212130,ماشین های رویایی داونی,84,6.5
213484,آهن پاره های جنگی,93,7.3
202543,این انگلستان,0,6.7
172857,ثروتمندان باستانی,80,6.2
203201,وکیل یک دلاری,96,7.9
202391,امپراتوری,0,6.4
209918,حیوانات غول پیکر,91,8.1
213176,کمد جادویی من,88,9.5
181276,تبدیل شوندگان: زمین اسپارک,87,3.8
200329,سه گانه,92,6.2
204134,واکو: عواقب,0,6.9
206128,مادران خوب,82,7.8
205795,جزایر وحشی,83,8.7
211857,مدیریت کیمیاگر تازه کار,92,5.9
205041,مرد فلوریدایی,74,6.8
212920,موسیقی متن فیلم اوپنهایمر,95,8.9
203278,تقلبی,91,8.4
193548,گاراژ گکو,71,5.3
182684,بلیچ: جنگ خونین هزار ساله,92,9
206893,راز مزرعه اسکین واکر,86,6.2
160620,تا ابد گیج و مشتاق به عشق,64,6.7
195024,ده درصد,0,6.9
202778,رانا نایدو,0,7.4
156492,سوت پایان: تیم رویایی,70,8
162936,معشوقه جینکس,85,6.7
180950,وی وی: آهنگ چشم فلوریت,93,8.1
212102,موسیقی متن سریال گمشدگان,79,8.3
182667,رقابت با مایکل سایمون,0,8
212098,جنگل های ایبریا: زندگی بر لبه پرتگاه,84,None
161922,ملکه منطقه,0,4.5
212237,توپولوها,72,4.7
187608,نیویورک شرقی,88,7.1
204381,دستورالعمل خداحافظی,82,8.4
160890,ذهنیت فراتر از قتل,84,7.2
212021,دور باطل,56,5.8
211220,موسیقی متن فیلم تلقین,96,8.8
201705,فوریا,82,7.1
210362,کولیپاری: ارتش قورباغه ها,76,6.9
199117,نیمه گمشده,88,6.6
211823,موسیقی متن فیلم روزی روزگاری در آمریکا,0,8.3
211630,موسیقی متن فیلم مردی از آنکل,0,7.2
183372,پپسی، جت من کجاست؟,0,7.2
180376,جو پیکت,75,7.6
192266,هارینا,0,7.7
186840,ثروتمندان,87,7.2
211321,موسیقی متن فیلم در بروژ,0,None
211454,زنگ خطر: نجات در جزیره,88,8.2
211496,سلام به فردا!,0,6.3
204767,اسرار بروکن وود,85,7.9
211416,قورباغه و وزغ,81,7.8
205526,اسرار خواهر بونیفاسی,82,7.1
190397,زندگی آینده ما,96,5.4
196889,میلا در مولتی ورس,85,7.1
174810,تریم,0,6.7
211185,روزها,89,7.3
204234,مامور تحویل,94,7
210975,حذف,80,6.2
211066,خبر دست اول,69,7.7
206038,عقرب عاشق,74,None
160972,معمارهای باگز بانی,87,8.6
203063,بلندای آسمان,78,6.2
196386,سیاره یخ زده ۲,86,9.1
153931,اکولایزر,92,5.5
210771,بغلم نکن من می ترسم,82,8.7
210740,برتر,83,8.1
210581,پگ و گربه,58,7.9
210570,هواپیما ربایی,96,7.7
210508,دوستان کوچک ساگو,77,8.1
204459,دادستان بد,91,7.4
197601,قبیله نهم,89,5.3
194036,دنیای دروغین آدم بزرگ ها,82,6.4
168201,اغواگر بزرگ,85,7.1
172814,زندگی به روایت الا,81,5.9
174537,جامتارا: نوبت به همه خواهد رسید,0,7.3
207588,امپراتوری شامپانزه ها,92,8.4
210262,انیمینیاکس,83,7.8
179902,ایتوکی نینجا,94,7.7
182086,من دوستت دارم، تو از من متنفری,72,7
195790,دفتر چیزهای جادویی,93,6.9
172961,شما مرا نمی شناسید,80,6.8
205231,راه خانه,94,7.9
183193,ندا,84,7
190741,تهاجم مخفی,89,6.4
172675,انتخاب دشوار ظرف غذا,88,7.1
181626,خواهران خونی,0,5.7
198403,شیمی مرگ,90,7.1
181534,دارایی های مخفی,83,7.2
199189,بورس سهام,0,6.6
203265,توست از شهر تینسل,0,7.5
203882,سفر به اعماق زمین,80,3.5
183165,نیویورک تایمز تقدیم می کند,0,6.8
197141,زنان در جنگ,94,7.5
196363,خوشحال,0,7.2
202237,سر خواکین موریتا,80,6.5
160851,اویتای مقدس,79,6.8
202819,بزرگ ترین اسرار تاریخ,76,6.7
209299,مستوران,89,None
208304,موسیقی متن فیلم برادران سوپر ماریو,74,None
204659,سلول شماره ۸,87,6.6
163584,سوگ حسابی,0,6.6
207688,مردگان متحرک: شهر مرده,95,7.1
161400,لیست خرید قاتل,83,7
202696,دگردیسی,73,7.3
208948,شوق پرواز,93,None
208916,مگه تموم عمر چند تا بهاره؟‌,81,None
199938,دار و دسته اراذل,0,7.5
179761,بازی جادوگر,89,None
204560,موج ۱۰۰ فوتی,0,8.1
162878,دختر قبلی,94,6.5
200001,بیف و چیپ,81,7.8
208046,موسیقی متن فیلم سرنوشت شگفت انگیز املی پولن,97,8.3
209226,موسیقی متن فیلم فهرست شیندلر,86,9.0
208644,خانه به دوش,97,None
205180,توطئه علیه آمریکا,0,7.3
205266,بزرگ ترین سرقت های تاریخ,88,7.8
198684,شاهزاده صد روزه من,94,7.7
208619,زیر خاکی,92,None
208934,موسیقی متن فیلم جنگ ستارگان: قسمت چهارم - امید تازه,0,8.6
195528,آرپو: رباتی برای همه بچه ها,77,5.8
186873,اندرویدی ها,85,6.3
209116,روح‌ های مبارز,81,7.3
203863,تله,80,6.9
191775,سه درخت کاج,78,7.2
205789,اسرار فیل ها,88,8.4
208818,اتاق شلوغ,89,7
208953,خانواده لاروا,85,7.2
195685,کمک بفرستید,0,8.2
163446,غم های ما,94,8.6
204153,جین,85,6.3
193924,سازش گران,71,7.1
203671,ملوان جنگی,80,7.3
166282,بچه های در مدار,91,6.4
207923,موسیقی متن فیلم اولدبوی,0,8.4
208275,وحشت در جنگل,88,7.1
181920,بن‌ بست,84,7.3
208254,تطهیر,83,6.2
208022,پشت بام تهران,85,None
208524,موسیقی متن فیلم سیاه‌ چال‌ ها و اژدهایان: افتخار در میان دزدان,0,7.5
198297,پدرم شکارچی جایزه بگیر,88,7.1
194637,جک رایان,94,8
173391,شوت! گلی به سمت آینده,87,5.2
173965,میز سرآشپز: پیتزا,88,7.3
207532,موسیقی متن فیلم تل ماسه,80,None
196714,خیانت کاران,81,7.7
198051,بی قدرت,70,6.3
207557,فوبار,87,6.5
203296,پرواز ۳۷۰: هواپیمایی که ناپدید شد,90,6.0
207568,چینی های متولد آمریکا,82,7
207196,مکانیک های کارگاه سسمی,75,8.1
203895,فرار بزرگ با مورگان فریمن,82,7.4
172708,کارآگاه میلیونر: مانده حساب ـ نامحدود,95,7.3
207132,آدم ما گم شده,76,6.5
196291,درخشش تابستان,91,7.8
178520,مول,92,7.6
206851,اتفاقی دیدمت,91,8.2
174506,پایان نزدیک است,87,7.2
203831,رئال مادرید: تا آخرین نفس,91,8.9
197999,کریپتون,89,6.8
205871,موسیقی متن سریال بازی تاج و تخت,79,None
205962,مجتمع ساختمانی سی,83,6.0
187741,اسرار دکتر بلیک,81,8.0
203713,خانواده مافیایی سیاهپوست,84,7.5
165723,وگن بد: شهرت، کلاهبرداری، فراری ها,78,5.9
178407,از اول,89,7.9
